id;doc_name;doc_date;doc_blob;doc_blob_content_type
1;invoice infomediaries;2019-12-29T11:26:23;../fake-data/blob/hipster.png;image/png
2;Avon 24/7;2019-12-29T09:16:01;../fake-data/blob/hipster.png;image/png
3;Mountain;2019-12-29T14:52:40;../fake-data/blob/hipster.png;image/png
4;transparent Soft;2019-12-29T08:23:41;../fake-data/blob/hipster.png;image/png
5;neural El Salvador Colon US Dollar;2019-12-29T21:55:58;../fake-data/blob/hipster.png;image/png
6;generate Chicken;2019-12-30T07:00:15;../fake-data/blob/hipster.png;image/png
7;azure Auto Loan Account optical;2019-12-30T03:02:32;../fake-data/blob/hipster.png;image/png
8;Intelligent Cotton Car pricing structure Metal;2019-12-29T18:09:39;../fake-data/blob/hipster.png;image/png
9;Down-sized fault-tolerant Rustic;2019-12-29T14:55:12;../fake-data/blob/hipster.png;image/png
10;CSS white orchid;2019-12-29T09:37:50;../fake-data/blob/hipster.png;image/png
